date,阿里巴巴,腾讯,拼多多,京东,贵州茅台,招商银行,中国神华,黄金ETF,可口可乐,Coke Consolidated
2024-01-02,71.14,288.7,145.64,25.48,1578.69,22.6,21.464,4.666,55.84,90.196
2024-01-03,72.97,292.7,148.95,25.75,1587.68,22.79,21.614,4.663,55.98,89.1
2024-01-04,71.04,290.9,147.74,25.44,1562.68,22.83,22.164,4.651,55.78,88.3
2024-01-05,69.39,284.3,146.53,24.96,1557.04,23.31,22.064,4.664,55.69,87.412
2024-01-08,69.26,280.1,147.55,24.24,1537.67,23.15,22.164,4.65,56.13,88.165
2024-01-09,68.4,275.7,150.48,23.6,1534.68,23.19,22.464,4.649,56.02,88.095
2024-01-10,67.79,272.3,149.19,23.56,1535.18,23.07,22.614,4.631,56.22,88.032
2024-01-11,68.76,279.5,151.33,23.67,1540.25,23.4,21.764,4.631,55.83,87.796
2024-01-12,68.22,280.5,148.63,22.98,1536.74,23.56,22.364,4.646,56.41,87.672
2024-01-16,65.84,274.5,143.16,21.86,1533.11,24.15,22.414,4.677,56.01,87.62
2024-01-17,65.31,266.7,142.15,20.7,1470.68,24.21,21.764,4.631,56.01,86.01
2024-01-18,64.43,269.7,142.06,20.3,1504.55,24.6,21.764,4.616,56.18,82.589
2024-01-19,65.8,263.3,143.64,20.57,1528.68,24.75,20.964,4.643,55.85,82.564
2024-01-22,65.01,254.3,141.37,19.94,1535.68,25.27,20.614,4.625,55.59,83.59
2024-01-23,70.4,264.1,140.9,21.5,1512.68,25.01,21.114,4.632,55.87,83.112
2024-01-24,71.58,273.9,144.5,21.88,1519.68,25.11,22.464,4.626,54.93,84.094
2024-01-25,70.23,282.9,144.43,22.21,1531.68,25.92,23.514,4.605,55.18,82.359
2024-01-26,70.39,274.9,141.77,22.14,1531.0,26.14,23.614,4.625,55.39,82.632
2024-01-29,69.96,274.1,130.15,21.74,1543.68,26.37,23.764,4.634,55.75,84.229
2024-01-30,68.7,265.9,125.28,21.03,1506.68,26.02,22.914,4.647,55.92,85.222
2024-01-31,68.55,262.7,126.87,20.83,1498.59,25.73,23.514,4.653,55.51,84.489
2024-02-01,68.84,263.7,126.59,20.5,1503.71,25.44,23.264,4.668,57.0,88.239
2024-02-02,68.23,271.5,124.59,20.06,1489.68,25.25,23.714,4.679,56.56,89.301
2024-02-05,71.01,271.7,121.14,20.67,1523.69,25.73,23.714,4.643,56.06,88.203
2024-02-06,74.61,282.9,125.78,22.39,1569.68,26.35,23.964,4.633,55.96,86.051
2024-02-07,70.02,284.3,128.78,21.33,1604.67,26.33,24.464,4.642,56.01,86.688
2024-02-08,67.16,279.3,126.655,20.33,1599.68,26.42,23.914,4.662,55.85,86.264
2024-02-09,68.4,279.3,127.48,20.66,,,23.864,,55.58,84.85
2024-02-12,69.52,,131.57,21.17,,,,,55.72,83.818
2024-02-13,67.98,,129.04,20.41,,,,,55.37,83.134
2024-02-14,69.77,282.1,132.01,21.42,,,23.714,,55.31,83.19
2024-02-15,70.2,277.5,135.32,21.84,,,23.864,,55.42,84.809
2024-02-16,70.29,283.9,135.26,22.5,,,23.864,,55.41,82.957
2024-02-20,69.52,276.3,131.3,21.51,1563.68,26.42,24.914,4.642,56.72,81.997
2024-02-21,71.96,280.9,129.76,22.07,1611.34,28.02,24.714,4.642,57.26,82.51
2024-02-22,72.5,283.5,131.63,22.24,1612.06,27.82,26.264,4.639,57.17,79.713
2024-02-23,72.34,282.9,127.69,22.18,1607.77,27.97,25.564,4.63,57.22,81.273
2024-02-26,72.89,279.3,126.48,21.98,1588.66,27.27,25.164,4.651,56.73,83.146
2024-02-27,74.06,276.7,128.33,22.36,1583.18,27.2,25.214,4.646,56.36,81.588
2024-02-28,70.97,269.1,125.01,21.09,1575.23,27.04,25.214,4.645,56.42,81.637
2024-02-29,70.41,269.3,124.54,20.9,1588.68,27.06,24.214,4.647,56.04,82.43
2024-03-01,71.0,269.5,126.85,21.28,1578.74,26.96,24.514,4.667,55.55,81.35
2024-03-04,68.38,268.3,122.08,20.16,1569.98,26.54,25.214,4.725,55.83,81.914
2024-03-05,68.45,260.3,121.33,19.72,1588.78,27.2,24.764,4.789,55.54,80.749
2024-03-06,70.09,266.7,116.64,23.19,1574.23,26.89,25.164,4.824,55.57,79.372
2024-03-07,68.92,263.1,117.14,22.27,1577.31,27.02,25.264,4.885,55.46,80.629
2024-03-08,69.93,262.1,110.34,23.03,1565.11,26.69,25.114,4.881,55.54,80.857
2024-03-11,71.24,270.7,111.89,24.35,1588.17,26.5,23.864,4.899,56.26,80.945
2024-03-12,72.44,282.9,118.16,25.65,1638.68,26.97,24.214,4.879,56.52,80.436
2024-03-13,72.77,282.7,122.36,26.29,1621.13,26.54,24.514,4.87,57.14,82.349
2024-03-14,69.78,281.3,123.2,25.33,1610.31,26.27,24.564,4.877,57.005,82.71
2024-03-15,69.8,275.9,123.74,25.73,1611.17,26.2,24.014,4.899,56.385,81.396
2024-03-18,69.9,281.9,128.71,26.13,1601.94,26.15,23.464,4.86,56.635,81.71
2024-03-19,69.8,277.1,127.68,25.87,1601.7,25.82,23.714,4.87,56.735,82.152
2024-03-20,70.56,280.9,132.17,26.42,1603.28,26.2,23.564,4.88,57.255,84.756
2024-03-21,70.21,283.3,122.3,25.33,1602.68,26.57,24.614,4.978,56.975,86.771
2024-03-22,68.51,280.9,122.99,24.78,1595.03,26.22,24.064,4.946,56.995,85.781
2024-03-25,67.84,280.7,119.87,25.08,1582.69,26.37,24.464,4.956,56.905,83.249
2024-03-26,67.86,291.5,120.1,24.64,1602.97,27.42,24.164,4.966,57.045,82.35
2024-03-27,67.97,294.1,116.66,25.51,1594.68,27.32,24.364,4.99,57.535,82.568
2024-03-28,68.74,295.9,116.25,25.67,1595.32,27.2,24.714,5.029,57.685,82.991
2024-04-01,69.75,,119.16,26.04,1615.01,27.66,,5.155,57.185,81.971
2024-04-02,69.26,301.3,118.24,26.09,1607.67,27.57,25.564,5.159,56.655,80.09
2024-04-03,68.82,300.5,119.52,25.55,1608.79,27.25,25.564,5.231,56.335,79.567
2024-04-04,68.33,,117.47,25.14,,,,,55.805,80.31
2024-04-05,68.04,302.1,117.87,25.04,,,25.314,,56.015,81.361
2024-04-08,68.09,297.5,117.62,24.96,1560.34,27.42,25.864,5.354,55.775,82.863
2024-04-09,69.37,297.1,121.1,25.72,1555.9,27.33,25.814,5.369,56.225,81.909
2024-04-10,70.97,306.3,119.7,25.69,1541.66,27.51,26.564,5.388,55.425,79.39
2024-04-11,71.23,307.1,121.13,26.01,1541.68,27.32,26.864,5.348,55.555,80.409
2024-04-12,67.67,301.7,115.5,24.41,1527.71,27.14,26.264,5.504,54.785,80.037
2024-04-15,67.0,296.5,114.29,24.44,1566.66,27.85,26.664,5.417,54.645,79.613
2024-04-16,65.99,293.9,113.52,24.08,1563.68,27.77,26.714,5.452,54.565,79.637
2024-04-17,65.2,292.9,113.43,24.17,1560.68,28.32,26.564,5.461,55.015,79.514
2024-04-18,65.26,296.5,113.7,24.48,1564.46,28.67,26.664,5.445,55.415,78.452
2024-04-19,65.45,295.9,113.49,24.53,1540.32,28.64,26.814,5.471,56.675,80.068
2024-04-22,67.06,312.5,124.14,26.01,1568.74,28.36,25.614,5.364,57.055,81.415
2024-04-23,68.89,324.5,128.02,26.57,1585.96,28.4,25.514,5.232,57.145,81.451
2024-04-24,71.01,336.3,127.55,27.29,1587.28,28.48,25.664,5.287,58.055,82.599
2024-04-25,71.49,331.5,125.79,27.61,1586.72,29.42,26.064,5.288,58.245,81.548
2024-04-26,71.93,340.5,129.31,29.36,1603.11,29.5,25.914,5.329,58.245,80.694
2024-04-29,72.79,339.7,126.82,28.91,1597.68,29.9,26.114,5.294,58.545,81.855
2024-04-30,71.23,339.3,125.18,27.91,1598.68,29.33,26.664,5.286,58.275,81.05
2024-05-01,71.89,,124.49,28.29,,,,,58.435,81.504
2024-05-02,76.71,352.5,137.54,31.66,,,26.564,,58.495,82.553
2024-05-03,77.71,356.5,140.18,31.89,,,27.164,,58.675,83.79
2024-05-06,77.93,362.3,138.64,31.73,1653.88,29.9,27.514,5.254,58.855,84.238
2024-05-07,75.75,357.9,137.65,31.15,1663.68,29.89,27.864,5.268,59.125,99.381
2024-05-08,74.84,353.5,139.16,30.97,1657.65,29.59,28.414,5.261,59.355,92.931
2024-05-09,75.84,361.9,136.38,31.39,1649.68,29.86,28.364,5.25,59.385,93.21
2024-05-10,76.42,363.1,136.27,31.22,1632.66,30.64,30.464,5.369,59.765,93.66
2024-05-13,80.98,370.3,140.52,32.8,1599.68,30.93,30.114,5.337,60.085,93.651
2024-05-14,75.89,373.9,138.69,32.37,1595.66,30.36,29.514,5.329,59.605,93.8
2024-05-15,77.37,,141.3,32.64,1593.68,30.07,,5.37,59.635,93.607
2024-05-16,83.08,389.1,143.38,33.29,1598.18,31.27,29.764,5.417,59.825,91.692
2024-05-17,84.92,390.5,146.19,34.29,1608.68,31.87,29.814,5.416,59.535,92.15
2024-05-20,84.66,390.5,146.77,33.77,1602.68,31.4,30.214,5.55,59.075,92.983
2024-05-21,82.51,379.1,145.45,32.31,1598.68,31.26,30.814,5.481,59.415,96.567
2024-05-22,79.06,379.9,147.09,31.7,1591.39,31.08,30.414,5.492,59.505,98.251
2024-05-23,77.18,377.3,153.63,30.22,1585.69,30.52,30.614,5.366,58.595,95.855
2024-05-24,77.64,372.5,157.57,29.29,1570.76,29.76,30.214,5.319,58.505,97.715
2024-05-28,76.96,375.7,149.72,28.91,1558.32,29.85,31.614,5.334,58.325,97.29
2024-05-29,75.44,366.5,151.27,28.34,1567.68,29.59,32.164,5.37,58.205,96.934
2024-05-30,76.01,363.5,152.03,29.23,1542.68,29.36,31.464,5.317,58.475,96.72
2024-05-31,74.72,355.3,149.78,28.64,1542.13,29.3,31.914,5.343,59.435,96.554
2024-06-03,74.28,370.5,146.92,28.92,1533.07,29.17,32.064,5.296,59.435,96.72
2024-06-04,74.83,372.9,145.88,29.09,1546.88,29.56,31.614,5.346,60.445,97.089
2024-06-05,76.21,376.3,142.8,29.61,1537.68,29.01,32.014,5.324,60.425,98.33
2024-06-06,76.39,377.1,143.83,28.79,1533.49,29.02,33.214,5.398,60.655,100.252
2024-06-07,74.79,370.3,143.9,28.35,1512.86,29.01,33.764,5.399,60.415,100.553
2024-06-10,75.68,,148.48,28.61,,,,,60.095,99.854
2024-06-11,74.28,369.3,146.93,28.43,1462.68,28.38,32.564,5.237,60.055,102.051
2024-06-12,74.42,366.3,151.0,28.58,1465.36,28.11,33.564,5.267,59.385,100.869
2024-06-13,73.7,375.3,151.07,28.42,1448.69,27.84,33.564,5.269,59.495,99.659
2024-06-14,71.37,375.3,148.98,27.79,1448.68,28.83,33.564,5.271,59.54,98.851
2024-06-17,72.57,376.7,148.3,28.26,1435.18,28.75,32.714,5.279,59.61,98.618
2024-06-18,72.48,372.5,144.18,28.07,1415.18,28.73,32.864,5.284,59.62,100.843
2024-06-20,72.37,383.1,144.14,27.7,1424.66,29.03,34.264,5.351,59.17,96.239
2024-06-21,71.69,376.9,143.86,27.12,1395.56,28.72,33.514,5.376,59.76,97.981
2024-06-24,72.81,375.9,141.53,27.38,1401.11,29.09,33.514,5.29,60.96,101.757
2024-06-25,71.81,377.5,140.0,26.59,1411.21,29.32,33.464,5.302,60.83,103.794
2024-06-26,72.19,377.5,138.23,26.53,1413.78,29.08,33.664,5.271,61.04,104.717
2024-06-27,70.39,369.9,131.94,25.28,1415.05,29.28,31.605,5.242,60.9,105.538
2024-06-28,70.02,367.9,132.95,24.86,1391.95,29.21,32.405,5.297,60.64,106.95
2024-07-01,70.2,,132.98,24.81,1364.94,29.38,,5.299,60.27,109.45
2024-07-02,71.7,364.7,133.88,25.11,1415.26,30.1,33.555,5.306,60.14,108.996
2024-07-03,73.59,374.9,137.34,25.89,1424.56,29.48,33.705,5.34,60.32,107.665
2024-07-05,72.54,375.3,136.19,25.78,1377.56,28.9,33.805,5.381,60.75,106.203
2024-07-08,71.52,374.1,134.68,25.49,1344.56,29.01,33.505,5.384,59.95,107.375
2024-07-09,73.72,376.5,137.72,25.84,1362.59,29.49,32.805,5.362,59.68,106.136
2024-07-10,74.03,373.1,138.07,25.78,1362.15,29.7,31.005,5.397,59.82,106.71
2024-07-11,76.54,380.3,139.24,27.65,1386.65,29.89,30.855,5.417,60.09,106.502
2024-07-12,77.67,392.5,142.42,27.17,1403.38,30.99,30.705,5.446,60.69,106.743
2024-07-15,76.03,385.7,137.99,25.67,1399.46,30.77,31.605,5.442,60.4,105.082
2024-07-16,76.4,373.5,135.84,26.22,1400.56,30.78,30.705,5.505,61.26,106.794
2024-07-17,75.06,367.3,131.82,26.0,1425.96,31.06,30.155,5.576,62.2,105.219
2024-07-18,74.56,364.7,132.08,25.3,1422.07,31.08,30.455,5.573,62.18,107.365
2024-07-19,73.29,359.5,133.04,25.28,1450.18,31.24,29.555,5.425,62.28,107.0
2024-07-22,74.66,368.7,134.24,25.87,1423.56,30.33,29.705,5.421,61.76,107.571
2024-07-23,74.12,361.7,133.08,25.21,1379.56,30.33,29.605,5.394,61.95,110.037
2024-07-24,73.82,358.7,131.87,24.78,1364.58,30.17,30.205,5.465,62.8,108.946
2024-07-25,73.42,346.7,129.74,25.35,1355.05,29.82,29.455,5.327,63.06,108.852
2024-07-26,74.55,349.9,130.8,25.58,1346.75,29.36,29.155,5.35,64.04,111.565
2024-07-29,76.64,353.7,127.59,25.63,1322.58,29.44,29.355,5.387,63.82,109.742
2024-07-30,76.02,349.1,123.16,25.38,1304.55,29.41,28.405,5.394,64.67,112.555
2024-07-31,76.87,357.7,128.89,25.41,1345.84,29.72,29.005,5.436,63.73,113.089
2024-08-01,76.0,361.1,127.82,24.26,1310.72,29.7,28.555,5.48,64.95,122.638
2024-08-02,75.47,353.7,127.41,24.18,1310.01,29.27,28.555,5.505,66.32,125.929
2024-08-05,75.0,352.1,126.19,23.97,1334.57,29.09,27.305,5.366,65.09,120.059
2024-08-06,75.92,349.9,132.62,24.47,1329.26,28.69,27.455,5.327,65.04,124.25
2024-08-07,75.85,358.9,133.15,24.35,1340.06,28.57,28.205,5.352,65.45,123.845
2024-08-08,78.33,363.7,138.02,25.0,1355.25,28.92,28.105,5.349,65.72,124.483
2024-08-09,78.01,365.5,138.04,24.9,1361.36,29.32,28.255,5.396,65.67,124.441
2024-08-12,78.93,370.5,142.47,25.09,1360.66,29.11,28.755,5.437,65.16,123.911
2024-08-13,79.12,374.1,144.02,25.15,1347.57,28.93,28.855,5.474,65.45,123.916
2024-08-14,77.49,369.3,141.98,24.92,1337.86,28.85,28.955,5.456,65.57,124.317
2024-08-15,77.56,363.9,145.08,26.02,1351.45,29.75,30.055,5.443,65.64,125.517
2024-08-16,81.2,368.1,149.29,28.31,1355.76,30.14,30.255,5.453,66.17,124.6
2024-08-19,81.93,368.1,151.11,28.55,1350.0,30.41,29.955,5.513,65.97,125.922
2024-08-20,79.06,365.9,144.22,27.21,1347.28,30.47,29.655,5.513,66.37,125.297
2024-08-21,81.55,367.1,145.93,26.055,1342.14,30.23,29.355,5.537,66.56,130.629
2024-08-22,80.98,373.3,147.19,25.66,1334.61,30.29,29.555,5.523,66.32,134.099
2024-08-23,83.43,371.1,139.87,25.85,1339.55,30.69,29.905,5.504,66.78,133.5
2024-08-26,79.78,377.5,100.0,24.82,1336.56,30.76,30.005,5.538,67.83,132.475
2024-08-27,79.47,377.3,95.91,25.4,1328.63,30.69,30.905,5.534,68.49,131.915
2024-08-28,77.64,369.7,89.17,24.96,1313.56,30.67,30.705,5.528,68.74,131.28
2024-08-29,79.04,373.1,93.42,25.39,1337.86,29.92,30.555,5.535,69.04,131.08
2024-08-30,81.36,377.5,96.11,26.02,1367.75,29.14,30.155,5.522,69.46,132.74
2024-09-03,80.29,373.7,97.75,25.72,1334.56,28.61,28.955,5.501,70.0,131.384
2024-09-04,80.49,368.3,92.75,25.85,1324.56,28.35,28.355,5.463,69.55,133.745
2024-09-05,80.45,368.9,92.68,25.4,1329.44,28.19,28.005,5.502,68.16,133.338
2024-09-06,79.2,,93.3,25.09,1322.56,28.24,,5.517,68.13,131.49
2024-09-09,79.46,366.7,92.46,24.91,1299.56,27.23,26.555,5.477,68.84,133.583
2024-09-10,81.82,364.1,93.06,25.0,1302.56,27.18,26.355,5.513,68.54,127.256
2024-09-11,82.83,365.7,95.28,25.58,1304.56,27.07,26.155,5.542,68.07,126.288
2024-09-12,83.51,368.1,97.33,25.67,1259.62,27.22,26.605,5.531,68.22,125.609
2024-09-13,82.71,370.3,94.99,25.26,1228.69,27.59,26.855,5.611,68.885,128.196
2024-09-16,81.62,373.3,97.2,25.32,,,26.855,,69.575,126.539
2024-09-17,82.72,375.5,98.38,25.94,,,27.055,,69.275,124.636
2024-09-18,82.44,,98.23,25.94,1191.46,28.1,,5.609,69.225,125.062
2024-09-19,86.51,384.3,99.98,27.76,1185.56,27.81,27.605,5.6,68.095,125.198
2024-09-20,86.31,384.1,99.9,27.57,1188.48,27.93,28.205,5.663,69.115,124.925
2024-09-23,88.11,383.1,102.3,28.78,1186.1,28.38,28.655,5.711,69.205,129.903
2024-09-24,95.21,397.7,113.8,32.92,1297.16,30.12,30.555,5.697,68.805,127.899
2024-09-25,93.48,400.9,113.94,32.23,1323.56,31.14,31.305,5.74,68.925,128.058
2024-09-26,103.09,425.5,129.4,37.01,1453.56,32.37,31.905,5.751,68.875,127.141
2024-09-27,105.35,433.3,135.38,38.92,1553.76,32.62,32.155,5.708,69.265,128.096
2024-09-30,104.14,440.1,134.81,39.02,1672.56,34.6,31.505,5.707,69.335,130.14
2024-10-01,110.76,,145.64,41.95,,,,,69.185,129.357
2024-10-02,113.27,465.5,152.71,43.82,,,31.805,,68.485,128.002
2024-10-03,110.86,461.7,152.62,43.62,,,31.855,,67.995,125.783
2024-10-04,112.55,473.1,154.27,45.99,,,32.955,,67.645,127.709
2024-10-07,115.54,473.9,153.09,46.1,,,33.455,,66.485,124.228
2024-10-08,107.7,434.1,144.86,42.56,1647.56,36.99,30.205,5.714,66.655,126.361
2024-10-09,105.91,429.7,141.47,41.86,1519.71,34.0,29.405,5.64,67.045,126.146
2024-10-10,107.3,434.3,141.58,42.24,1564.56,35.72,31.305,5.676,66.725,125.2
2024-10-11,108.16,,144.76,42.85,1529.55,35.42,,5.739,67.045,126.791
2024-10-14,105.83,431.5,136.03,43.16,1526.55,36.32,31.255,5.799,67.815,128.658
2024-10-15,99.86,412.5,128.21,39.18,1478.81,35.49,31.155,5.799,67.815,128.97
2024-10-16,100.19,411.3,127.4,39.56,1447.06,36.49,31.205,5.884,68.045,129.413
2024-10-17,98.09,408.1,123.63,37.87,1419.16,35.48,30.605,5.905,67.375,129.059
2024-10-18,100.45,426.3,124.62,39.0,1465.56,36.04,31.455,5.945,67.915,127.248
2024-10-21,98.93,416.5,124.86,38.7,1453.36,35.84,30.605,6.02,66.925,125.921
2024-10-22,98.48,417.1,128.51,39.37,1467.56,36.16,30.905,6.018,66.925,125.048
2024-10-23,96.02,423.7,122.34,39.02,1492.06,36.65,30.205,6.056,65.485,125.874
2024-10-24,94.38,417.5,121.38,38.35,1476.76,36.3,30.455,5.995,64.775,124.876
2024-10-25,95.44,416.5,122.47,38.92,1483.41,36.09,30.055,5.998,64.395,123.635
2024-10-28,97.95,412.7,125.79,40.66,1489.56,35.51,30.555,6.017,64.145,121.808
2024-10-29,97.85,413.9,125.25,40.16,1456.18,35.59,30.355,6.068,63.035,119.711
2024-10-30,96.72,406.5,120.87,39.05,1456.56,34.87,29.605,6.14,63.395,118.707
2024-10-31,96.0,400.1,120.59,39.64,1452.35,34.35,30.105,6.103,62.785,111.176
2024-11-01,95.6,414.7,120.56,39.46,1458.31,35.0,30.755,6.051,62.485,112.188
2024-11-04,96.42,414.5,122.32,38.88,1472.76,35.74,30.305,6.006,62.585,113.112
2024-11-05,97.23,423.3,122.15,39.05,1501.55,36.07,30.755,6.006,62.845,116.712
2024-11-06,94.75,415.3,120.57,37.69,1495.56,35.55,30.155,5.994,61.175,117.844
2024-11-07,98.16,423.9,125.87,40.25,1573.7,36.56,30.955,5.86,61.135,117.5325
2024-11-08,92.21,416.3,117.81,37.37,1534.53,35.79,29.955,5.898,61.395,121.206
2024-11-11,93.44,408.7,117.15,38.04,1522.57,35.32,29.255,5.905,60.835,120.837
2024-11-12,89.8,399.3,113.8,35.12,1501.76,34.58,28.805,5.807,60.675,122.367
2024-11-13,90.02,399.3,113.41,34.71,1503.06,34.81,28.555,5.796,60.475,121.823
2024-11-14,88.6,398.9,112.33,32.37,1498.36,35.05,28.105,5.68,60.025,120.271
2024-11-15,86.61,396.5,114.0,34.02,1483.56,34.81,29.705,5.683,59.215,119.82
2024-11-18,87.37,399.7,117.31,34.35,1483.56,34.89,30.005,5.758,59.335,119.675
2024-11-19,85.13,401.7,117.68,34.21,1466.48,34.71,29.555,5.858,60.065,121.112
2024-11-20,84.79,406.3,116.49,34.2,1469.37,34.47,29.755,5.857,60.465,122.546
2024-11-21,83.6,403.1,104.09,34.4,1469.69,34.42,29.505,5.933,61.235,123.368
2024-11-22,81.15,396.1,100.07,33.7,1432.38,33.44,28.855,6.01,61.395,124.742
2024-11-25,83.6,390.7,100.69,33.53,1423.13,33.21,29.005,5.916,61.855,128.71
2024-11-26,83.2,389.3,99.31,34.35,1433.56,33.38,28.705,5.844,62.025,133.246
2024-11-27,84.61,398.3,98.8,36.21,1443.61,33.59,28.955,5.899,61.905,129.99
2024-11-29,85.39,393.5,96.56,36.4,1450.3,33.33,28.655,5.923,62.04,129.179
2024-12-02,83.97,395.3,98.98,36.49,1449.56,33.5,28.505,5.872,61.61,129.651
2024-12-03,83.7,399.9,98.45,36.12,1451.3,34.11,29.155,5.931,61.48,129.161
2024-12-04,82.95,398.7,98.71,34.75,1444.56,33.8,30.505,5.929,60.17,127.196
2024-12-05,82.17,400.7,99.0,35.43,1435.56,33.9,30.155,5.927,60.88,130.506
2024-12-06,83.95,408.1,99.89,36.2,1445.57,34.69,30.355,5.903,60.49,127.822
2024-12-09,90.34,414.3,110.33,40.29,1443.36,34.69,31.055,5.936,60.56,126.454
2024-12-10,87.85,406.7,104.49,38.585,1471.15,35.59,31.205,5.961,60.87,126.244
2024-12-11,87.0,405.3,103.42,37.23,1460.16,35.29,31.555,6.011,60.6,125.883
2024-12-12,87.25,411.1,104.66,37.13,1490.36,35.79,31.155,6.052,61.8,126.821
2024-12-13,85.84,405.3,102.27,36.31,1443.56,34.29,30.955,6.001,61.08,125.724
2024-12-16,84.08,401.1,99.61,35.73,1451.76,34.73,30.455,5.947,60.51,125.373
2024-12-17,85.17,398.1,102.42,36.29,1482.56,34.84,30.305,5.94,61.36,123.908
2024-12-18,83.02,401.5,101.35,35.46,1496.06,35.51,29.805,5.932,60.81,119.878
2024-12-19,82.33,410.7,101.0,34.93,1475.57,35.01,29.655,5.885,60.41,120.917
2024-12-20,80.3,421.9,99.51,34.66,1470.44,34.9,28.505,5.892,60.51,119.0095
2024-12-23,83.16,415.7,100.58,35.31,1474.89,35.34,28.705,5.951,60.34,117.557
2024-12-24,83.54,415.5,99.72,35.48,1487.26,36.21,28.955,5.921,60.8,119.415
2024-12-26,84.1,,98.87,35.15,1476.23,36.47,,5.94,60.53,121.026
2024-12-27,83.08,412.9,97.45,34.0,1477.41,36.33,29.455,5.945,60.41,121.994
2024-12-30,82.15,414.5,94.39,33.28,1473.44,36.61,29.055,5.923,59.99,122.75
2024-12-31,82.81,412.5,96.99,33.69,1472.44,36.29,30.055,5.928,60.22,124.749
2025-01-02,82.97,411.5,96.89,33.25,1436.44,35.5,29.005,5.977,59.8,126.75
2025-01-03,83.56,409.7,96.82,34.36,1423.44,35.65,29.405,6.029,59.71,130.948
2025-01-06,83.54,404.9,99.02,34.16,1388.44,36.04,29.355,5.99,58.77,130.249
2025-01-07,82.5,375.1,100.62,34.0,1388.64,35.89,28.805,6.0,58.8,127.727
2025-01-08,81.71,364.7,100.32,33.74,1390.94,36.27,27.905,6.03,59.67,127.465
2025-01-10,78.55,365.1,94.68,32.12,1384.44,35.97,27.005,6.105,59.03,124.17
2025-01-13,78.56,361.5,95.98,32.41,1392.42,36.06,26.905,6.12,59.61,124.532
2025-01-14,79.7,370.5,98.13,33.76,1420.94,36.84,27.305,6.068,60.0,127.927
2025-01-15,80.46,375.5,100.7,34.39,1419.71,37.63,27.205,6.102,59.73,128.75
2025-01-16,80.45,377.9,100.26,34.44,1394.82,37.98,27.605,6.122,60.21,132.433
2025-01-17,83.14,375.3,105.57,38.02,1403.19,37.7,27.605,6.139,60.67,137.387
2025-01-21,83.4,382.9,104.15,37.52,1416.59,37.13,27.105,6.127,60.38,134.69
2025-01-22,84.42,378.9,103.08,38.14,1389.44,36.44,27.105,6.181,59.74,132.117
2025-01-23,84.12,376.7,104.01,37.72,1391.44,36.82,27.105,6.187,59.49,130.527
2025-01-24,87.16,386.1,111.34,39.74,1384.44,37.25,28.205,6.218,59.88,128.2
2025-01-27,88.01,391.1,110.88,39.32,1383.43,37.64,28.305,6.202,61.83,131.052
2025-01-28,94.05,396.7,112.18,40.09,,,27.805,,60.32,132.582
2025-01-29,94.74,,112.04,39.28,,,,,60.79,134.346
2025-01-30,100.76,,115.4,41.32,,,,,62.01,135.619
2025-01-31,96.86,,111.91,39.74,,,,,61.44,135.762
2025-02-03,96.63,399.7,105.24,39.05,,,27.505,,61.31,135.146
2025-02-04,100.37,416.3,114.05,40.18,,,28.155,,60.63,137.525
2025-02-05,97.3,413.3,110.14,38.83,1352.24,36.99,27.855,6.439,61.08,136.776
2025-02-06,98.4,415.9,112.72,39.03,1361.28,37.19,28.255,6.402,61.32,135.013
2025-02-07,101.53,423.7,114.27,39.19,1384.44,37.19,27.555,6.42,61.8,136.157
2025-02-10,109.34,432.5,116.34,41.19,1379.95,37.59,27.355,6.518,62.51,139.242
2025-02-11,110.8,422.9,117.48,39.82,1366.44,37.97,27.255,6.584,65.56,140.54
2025-02-12,116.35,439.7,118.83,38.33,1391.44,38.61,27.455,6.538,66.67,141.527
2025-02-13,117.56,437.5,121.54,38.61,1413.5,38.7,27.355,6.57,67.46,144.846
2025-02-14,122.75,470.3,124.16,40.4,1423.44,39.02,27.755,6.605,66.83,139.859
2025-02-18,124.92,499.0,128.46,37.93,1423.44,39.04,27.355,6.555,67.01,138.832
2025-02-19,123.81,493.3,124.43,38.21,1439.44,38.97,26.205,6.598,68.03,139.972
2025-02-20,133.99,482.3,124.41,40.21,1422.44,38.84,25.755,6.619,68.0,143.265
2025-02-21,141.77,512.5,131.34,41.44,1436.65,38.39,24.955,6.568,69.31,137.286
2025-02-24,127.06,492.7,119.77,38.33,1427.51,38.26,25.705,6.581,68.55,138.094
2025-02-25,132.03,480.3,119.17,39.09,1402.44,38.02,26.005,6.582,69.45,138.324
2025-02-26,137.1,497.0,119.77,41.55,1408.45,38.47,26.005,6.519,68.76,136.073
2025-02-27,134.57,490.9,118.68,41.56,1434.0,39.37,25.755,6.492,68.83,139.113
2025-02-28,130.53,474.1,113.69,40.92,1449.23,39.04,26.105,6.444,69.17,140.712
2025-03-03,128.83,478.7,112.6,39.26,1435.46,39.04,26.455,6.451,70.28,139.715
2025-03-04,127.87,486.5,113.41,39.97,1418.55,38.79,26.405,6.499,68.15,132.537
2025-03-05,139.05,501.0,120.21,42.78,1414.81,39.88,26.905,6.547,68.04,134.634
2025-03-06,137.97,539.5,119.82,42.94,1454.42,39.95,26.905,6.535,68.42,132.755
2025-03-07,138.64,529.0,119.92,41.31,1469.44,40.56,27.155,6.526,69.39,131.377
2025-03-10,130.56,512.0,115.63,39.66,1471.34,40.06,27.355,6.544,69.41,121.76
2025-03-11,137.04,513.0,117.98,39.77,1497.12,40.5,27.655,6.505,69.0,129.352
2025-03-12,135.16,507.5,117.86,39.39,1491.02,40.53,27.605,6.526,67.9,132.825
2025-03-13,136.37,503.0,118.76,40.26,1486.21,40.83,28.205,6.575,67.58,130.367
2025-03-14,139.12,517.0,122.54,42.18,1576.45,42.15,28.105,6.673,67.63,130.847
2025-03-17,145.59,520.0,128.9,44.23,1586.3,42.03,27.805,6.677,68.59,130.601
2025-03-18,140.76,536.5,126.79,43.94,1572.44,42.13,28.105,6.727,67.85,130.628
2025-03-19,141.22,535.5,125.92,43.85,1584.15,43.01,28.155,6.8,67.75,131.647
2025-03-20,134.93,515.0,130.92,42.0,1552.44,42.23,28.105,6.807,68.18,130.361
2025-03-21,133.16,507.0,126.64,41.26,1522.19,41.69,27.805,6.774,67.14,129.063
2025-03-24,132.5,508.5,128.12,41.59,1531.44,42.04,28.755,6.78,67.42,127.5
2025-03-25,130.77,497.5,125.25,40.49,1523.94,42.08,28.555,6.774,67.28,128.718
2025-03-26,130.26,502.0,122.47,40.8,1524.44,39.65,28.455,6.795,68.49,128.893
2025-03-27,133.65,504.5,124.36,41.91,1537.44,40.25,28.355,6.812,69.21,130.5
2025-03-28,130.45,505.0,120.45,40.6,1533.65,40.21,27.905,6.938,68.84,132.02
2025-03-31,130.25,492.5,118.35,40.14,1509.44,40.28,28.005,7.012,70.09,134.0
2025-04-01,130.72,499.5,122.19,40.34,1504.46,39.86,28.805,7.056,70.34,137.879
2025-04-02,127.81,499.5,119.07,40.11,1497.46,39.72,28.655,7.029,69.8,138.913
2025-04-03,127.35,493.3,113.67,38.92,1517.32,39.64,29.055,7.094,71.65,138.094
2025-04-04,114.56,,104.21,35.83,,,,,68.4,129.609
2025-04-07,104.0,430.9,100.01,33.94,1448.44,37.82,26.355,6.877,66.84,127.805
2025-04-08,97.39,435.9,93.98,33.02,1493.44,38.14,27.355,6.925,66.89,128.438
2025-04-09,102.8,436.7,94.15,35.075,1489.48,37.45,27.355,7.012,68.42,134.911
2025-04-10,102.2,440.3,88.35,35.58,1497.44,38.09,26.805,7.164,69.23,136.994
2025-04-11,105.75,438.9,90.5,36.42,1517.42,38.5,27.205,7.273,69.9,138.516
2025-04-14,111.99,449.5,94.78,38.18,1500.43,38.47,27.455,7.327,70.92,140.333
2025-04-15,110.3,451.5,94.07,37.44,1506.44,39.09,27.555,7.325,70.33,139.238
2025-04-16,104.77,443.5,92.35,35.33,1507.61,39.24,27.305,7.503,70.15,138.992
2025-04-17,106.89,453.5,93.69,34.72,1518.44,39.11,27.505,7.565,71.47,140.6
2025-04-21,108.17,,94.36,34.06,1499.44,39.27,,7.724,71.24,135.411
2025-04-22,113.9,455.9,98.34,33.67,1497.24,39.0,27.455,7.982,72.37,136.328
2025-04-23,116.99,469.7,100.43,33.56,1500.44,38.98,27.655,7.5,71.77,138.261
2025-04-24,117.31,466.5,103.27,32.47,1500.69,39.2,27.455,7.582,70.99,138.02
2025-04-25,118.3,473.7,104.01,32.53,1498.44,39.07,27.255,7.53,70.38,136.152
2025-04-28,116.39,473.7,103.09,32.7,1498.44,39.34,25.955,7.465,70.26,134.485
2025-04-29,116.9,468.5,104.15,32.88,1492.44,38.99,25.855,7.517,70.82,134.375
2025-04-30,117.45,472.7,105.57,32.62,1495.44,37.73,25.655,7.471,71.02,134.831
2025-05-01,118.55,,105.97,32.85,,,,,69.76,118.555
2025-05-02,123.78,483.3,110.92,34.47,,,25.755,,70.12,113.752
2025-05-05,124.59,,110.85,34.06,,,,,70.17,112.975
2025-05-06,125.68,490.9,111.32,34.06,1498.64,38.36,25.905,7.612,70.19,116.654
2025-05-07,121.25,485.3,109.39,33.82,1503.44,39.01,26.355,7.671,70.87,118.611
2025-05-08,123.81,493.5,109.9,34.12,1526.63,39.79,26.655,7.557,69.64,117.834
2025-05-09,123.35,490.1,109.65,33.86,1539.62,40.47,26.955,7.531,68.99,114.5
2025-05-12,130.57,513.0,116.38,36.05,1552.94,40.79,28.005,7.376,68.0,116.784
2025-05-13,129.67,501.5,119.45,37.25,1538.74,41.55,27.905,7.332,67.43,114.376
2025-05-14,132.07,516.5,118.89,35.73,1583.43,41.8,28.755,7.277,67.63,113.755
2025-05-15,121.92,515.5,117.84,34.35,1580.45,41.91,28.605,7.062,70.08,115.499
2025-05-16,121.48,508.0,117.61,33.55,1562.57,41.26,28.505,7.177,70.47,116.836
2025-05-19,120.98,514.0,118.45,33.69,1527.42,40.83,28.655,7.222,70.4,115.742
2025-05-20,123.18,517.0,117.38,33.95,1534.44,40.89,29.205,7.209,70.16,115.25
2025-05-21,121.61,520.5,116.2,33.65,1529.41,40.89,29.705,7.439,70.32,113.047
2025-05-22,119.5,516.5,119.8,33.69,1528.44,41.5,29.055,7.45,69.61,112.274
2025-05-23,118.75,518.0,119.24,33.35,1521.04,41.04,29.455,7.454,70.24,113.605
2025-05-27,117.54,512.0,102.98,32.54,1492.34,40.73,29.705,7.366,70.25,112.18
2025-05-28,114.76,506.0,97.88,31.58,1485.44,40.67,30.105,7.375,69.62,113.48
2025-05-29,115.2,510.5,98.29,32.94,1488.44,40.46,29.705,7.3,69.96,113.24
2025-05-30,111.86,498.2,96.51,32.41,1470.44,40.42,29.605,7.369,70.57,113.9
2025-06-02,112.77,498.4,96.44,32.86,,,28.805,,70.47,112.08
2025-06-03,112.99,505.0,98.33,32.41,1457.44,40.96,29.205,7.478,69.63,110.69
2025-06-04,117.47,512.0,99.65,33.33,1458.4,41.05,29.805,7.474,69.84,106.93
2025-06-05,117.98,515.0,99.33,33.09,1462.44,41.36,29.705,7.483,69.38,105.42
2025-06-06,117.4,515.0,100.6,33.12,1454.83,41.46,30.255,7.481,69.82,107.91
2025-06-09,119.5,518.0,101.62,33.94,1434.55,41.59,30.055,7.4,70.24,109.36
2025-06-10,119.9,513.5,102.39,33.79,1423.45,41.66,30.505,7.405,70.82,110.35
2025-06-11,118.35,518.0,103.16,33.73,1428.44,42.3,31.055,7.428,70.54,107.43
2025-06-12,116.62,510.0,103.43,33.61,1407.44,42.22,30.605,7.497,70.71,109.08
2025-06-13,112.87,510.0,100.58,32.76,1375.39,42.17,31.055,7.588,70.0,107.87
2025-06-16,115.96,509.5,102.79,33.48,1370.73,42.77,31.655,7.563,69.5,106.41
2025-06-17,115.03,513.5,102.53,33.17,1375.44,42.97,31.555,7.499,68.6,104.97
2025-06-18,113.49,508.0,102.25,32.5,1373.44,42.84,31.355,7.503,68.19,105.45
2025-06-20,113.01,505.5,101.21,31.44,1377.1,42.98,30.805,7.436,67.82,106.39
2025-06-23,113.09,504.0,101.95,31.59,1368.44,43.24,31.155,7.464,68.72,107.89
2025-06-24,117.01,509.5,107.16,32.58,1385.64,43.74,30.655,7.372,69.19,108.5
2025-06-25,114.55,512.5,107.14,32.94,1384.3,44.49,30.655,7.392,68.61,106.9
2025-06-26,113.93,513.0,105.75,33.26,1396.04,44.87,29.304,7.405,68.45,110.13
2025-06-27,114.08,513.0,105.14,33.07,1379.13,43.21,29.454,7.326,69.31,110.7
2025-06-30,113.41,503.0,104.66,32.64,1385.56,42.94,29.354,7.314,69.73,110.9
2025-07-01,113.97,,105.49,32.7,1381.14,43.44,,7.397,70.65,114.87
2025-07-02,110.71,501.5,103.97,32.47,1385.64,43.89,30.004,7.394,69.89,115.2
2025-07-03,108.7,501.0,103.608,32.07,1391.64,43.6,29.904,7.445,70.33,116.96
2025-07-07,106.27,502.0,105.25,32.02,1386.74,44.19,29.654,7.355,69.99,115.22
2025-07-08,107.99,504.5,106.31,32.7,1392.15,44.61,29.754,7.398,69.22,113.11
2025-07-09,103.83,497.6,105.0,31.6,1394.92,44.12,29.604,7.314,68.46,112.57
2025-07-10,106.64,496.6,104.97,31.22,1402.54,45.23,29.704,7.371,68.75,113.43
2025-07-11,106.72,496.6,104.91,31.1,1403.04,44.63,29.904,7.376,68.85,113.195
2025-07-14,108.22,500.0,102.41,30.8,1399.64,44.56,31.504,7.44,68.45,111.5
2025-07-15,116.97,517.5,105.06,32.04,1387.04,44.21,31.354,7.436,68.34,108.8
2025-07-16,115.73,516.5,105.13,31.64,1387.07,44.1,31.054,7.402,68.25,110.16
2025-07-17,117.3,517.0,107.95,32.69,1392.39,43.99,30.804,7.397,69.57,112.73
2025-07-18,120.23,519.0,109.0,33.92,1413.04,44.04,31.254,7.403,68.83,112.61
2025-07-21,120.27,521.5,111.66,33.4,1419.04,43.84,32.204,7.446,69.05,113.98
2025-07-22,120.71,526.0,115.04,33.88,1441.02,43.93,33.804,7.474,68.64,116.62
2025-07-23,122.58,552.0,118.46,33.93,1451.54,44.11,33.804,7.548,68.14,113.51
2025-07-24,121.15,557.0,118.21,33.47,1467.54,43.87,34.204,7.424,68.08,111.06
2025-07-25,120.03,550.5,118.45,33.18,1431.04,43.82,34.054,7.409,68.15,118.3
2025-07-28,122.15,555.5,116.76,33.22,1414.7,43.43,33.654,7.388,67.07,115.685
2025-07-29,119.36,555.0,115.415,32.22,1415.04,43.13,33.354,7.363,68.36,114.28
2025-07-30,117.38,549.0,112.92,31.75,1425.48,43.41,33.654,7.377,67.73,114.15
2025-07-31,120.63,550.0,113.45,31.49,1397.71,43.47,32.954,7.35,66.87,111.25
2025-08-01,117.07,535.0,110.06,30.91,1393.04,43.41,32.404,7.352,67.84,111.91
2025-08-04,117.5,550.0,112.04,31.62,1395.04,43.89,33.864,7.446,67.94,111.51
2025-08-05,117.04,559.0,112.62,31.34,1403.78,44.24,34.384,7.455,68.03,111.66
2025-08-06,120.86,568.5,113.94,31.34,1399.92,44.11,35.444,7.468,68.49,113.01
2025-08-07,120.96,567.0,114.19,31.75,1398.39,44.14,35.664,7.484,69.41,113.73
2025-08-08,120.36,561.0,114.26,31.49,1397.01,43.52,35.664,7.508,69.32,113.61
2025-08-11,118.64,561.0,113.04,31.18,1421.04,43.09,35.544,7.429,69.73,114.09
2025-08-12,122.42,559.5,116.43,32.12,1413.08,42.99,36.644,7.399,69.69,114.39
2025-08-13,126.86,586.0,116.63,32.51,1396.09,42.53,36.944,7.415,69.44,114.6
2025-08-14,122.28,590.0,114.74,31.58,1403.03,42.77,36.364,7.424,68.53,114.22
2025-08-15,121.26,592.0,118.95,31.7,1398.12,42.29,35.824,7.401,68.9,112.55
2025-08-18,121.4,587.0,118.34,31.77,1404.54,42.5,34.844,7.413,68.11,115.15
2025-08-19,119.99,592.5,119.07,31.24,1414.04,42.39,34.904,7.391,69.11,118.56
2025-08-20,119.49,590.5,118.0,31.17,1426.04,42.44,34.764,7.374,69.68,118.32
2025-08-21,118.09,593.0,122.96,31.18,1424.29,42.46,34.624,7.394,69.64,117.71
2025-08-22,122.94,600.0,127.11,31.88,1439.99,42.25,34.364,7.378,69.11,118.73
2025-08-25,124.35,614.5,128.21,31.99,1466.37,42.86,34.824,7.427,67.91,116.07
2025-08-26,124.19,609.5,123.91,31.81,1457.65,42.51,34.244,7.449,67.71,114.51
2025-08-27,122.23,599.0,122.22,30.82,1424.04,41.99,33.784,7.45,67.81,116.92
2025-08-28,119.57,594.0,122.22,30.39,1422.14,41.97,33.424,7.468,67.34,115.71
2025-08-29,135.0,596.5,120.22,31.07,1456.04,41.88,33.784,7.486,67.97,116.74
2025-09-02,138.55,600.5,121.69,31.58,1467.34,42.43,34.144,7.67,68.04,116.44
2025-09-03,136.45,598.5,124.39,31.2,1456.59,41.89,34.084,7.768,67.97,116.69
2025-09-04,130.92,592.5,123.86,30.915,1448.7,42.04,34.364,7.75,67.23,118.86
2025-09-05,135.58,605.5,124.68,31.45,1459.04,41.75,35.144,7.775,66.94,120.31
2025-09-08,141.2,617.5,125.03,32.85,1477.27,41.42,35.744,7.847,66.41,122.0
2025-09-09,147.1,627.0,126.06,33.87,1481.04,41.82,35.904,7.966,66.84,122.1
2025-09-10,143.93,633.5,124.68,33.32,1498.05,41.99,36.464,7.947,66.8,120.88
2025-09-11,155.44,629.5,125.72,34.4,1499.54,42.29,36.664,7.923,66.6,123.65
2025-09-12,155.06,643.5,125.44,33.67,1492.04,41.53,36.024,7.954,65.99,121.48
2025-09-15,158.04,643.5,127.39,33.62,1491.14,41.21,36.904,7.931,65.7,121.27
2025-09-16,162.21,645.0,129.06,34.71,1476.02,40.74,37.064,8.032,65.73,117.3
2025-09-17,166.17,661.5,134.86,35.24,1469.04,40.75,37.564,7.964,66.53,118.03
2025-09-18,162.48,642.0,132.96,35.38,1444.0,39.82,36.824,7.862,65.95,111.41
2025-09-19,162.81,642.5,129.47,35.1,1444.01,39.99,37.364,7.898,65.92,112.72
2025-09-22,164.25,641.0,128.57,33.93,1429.39,39.91,36.344,8.048,65.7,114.47
2025-09-23,163.08,635.5,128.52,32.94,1423.46,40.54,36.284,8.143,66.2,114.21
2025-09-24,176.44,648.5,130.96,34.83,1418.04,40.31,36.124,8.19,65.94,113.89
2025-09-25,175.47,650.0,131.01,35.17,1415.04,39.81,35.784,8.146,65.47,113.43
2025-09-26,171.91,644.0,129.99,34.5,1411.04,39.79,35.844,8.16,65.16,114.89
2025-09-29,179.9,660.0,130.67,35.64,1436.9,39.67,36.104,8.259,65.53,115.84
2025-09-30,178.73,663.0,132.17,34.98,1420.03,39.4,36.104,8.339,65.81,116.66
2025-10-01,182.78,,134.4,36.17,,,,,66.27,118.47
2025-10-02,189.34,676.5,135.24,35.98,,,36.644,,65.59,118.8
2025-10-03,188.03,673.5,134.25,35.4,,,36.924,,66.14,120.15
2025-10-06,187.22,677.5,134.33,35.91,,,36.784,,65.59,118.29
2025-10-07,181.33,,133.48,34.89,,,,,66.28,119.32
2025-10-08,181.12,675.0,133.77,34.98,,,36.724,,65.61,119.43
2025-10-09,173.68,675.5,131.25,33.97,1412.82,39.32,37.744,8.729,65.86,122.7
2025-10-10,159.01,651.5,124.27,31.85,1406.04,39.17,38.464,8.602,66.53,123.98
2025-10-13,166.81,639.0,127.55,33.25,1395.24,39.1,38.304,8.859,66.29,124.23
2025-10-14,162.86,621.0,127.1,32.71,1427.06,40.25,38.244,8.976,67.0,126.2
2025-10-15,165.91,627.0,127.58,33.14,1438.04,40.49,38.724,9.187,66.57,126.37
2025-10-16,165.09,620.0,127.35,32.74,1460.95,40.92,39.884,9.244,67.08,130.09
2025-10-17,167.05,608.0,128.48,33.07,1431.04,40.58,39.064,9.568,67.93,131.18
2025-10-20,173.47,627.5,131.56,33.76,1433.97,40.41,40.124,9.268,67.93,132.14
2025-10-21,166.67,630.5,130.71,32.83,1438.3,40.97,40.024,9.49,70.71,132.32
2025-10-22,165.86,623.5,130.06,32.46,1434.74,40.94,39.644,9.101,70.3,128.72
2025-10-23,171.9,633.0,133.29,33.18,1444.02,41.23,40.084,8.994,69.43,127.21
2025-10-24,174.7,637.5,133.96,33.19,1426.04,40.94,40.104,8.95,69.2,127.41
2025-10-27,179.45,656.0,137.76,34.2,1416.45,40.58,40.804,8.914,69.55,127.92
2025-10-28,176.72,645.0,138.03,34.53,1421.04,40.59,40.784,8.597,69.65,127.88
2025-10-29,179.97,,138.08,34.36,1407.94,39.76,,8.692,67.84,127.72
2025-10-30,173.93,651.0,136.01,33.37,1402.78,40.19,41.74,8.704,68.47,132.24
2025-10-31,170.43,629.0,134.87,33.04,1406.05,39.88,40.46,8.794,68.39,130.13
2025-11-03,167.69,628.0,134.68,32.78,1411.04,40.78,41.44,8.797,67.46,130.72
2025-11-04,164.3,629.0,133.84,31.82,1405.04,42.0,41.26,8.737,68.15,133.34
2025-11-05,164.82,629.0,136.34,32.04,1396.12,41.79,41.5,8.706,68.0,134.49
2025-11-06,167.61,644.0,136.74,31.95,1411.17,41.33,42.6,8.755,68.55,135.36
2025-11-07,166.34,634.0,135.78,31.79,1409.37,41.5,42.8,8.793,70.04,137.53
2025-11-10,165.89,649.5,138.13,31.41,1438.34,41.71,43.46,8.936,70.01,145.23
2025-11-11,160.8,650.0,137.11,31.61,1435.03,41.95,42.8,9.062,71.1,152.03
2025-11-12,157.91,657.0,136.04,31.25,1441.19,41.92,43.74,9.029,71.0,155.58
2025-11-13,159.84,656.0,134.47,30.71,1446.42,42.2,42.58,9.175,70.56,161.22
2025-11-14,153.8,641.0,130.95,29.31,1432.64,42.24,41.64,9.096,70.65,159.29
2025-11-17,157.71,636.5,129.04,29.54,1447.04,41.64,41.74,8.882,70.17,159.4
2025-11-18,159.72,623.5,119.58,29.45,1452.04,41.87,40.44,8.777,70.71,161.28
2025-11-19,158.89,622.5,118.02,28.875,1447.05,42.21,41.0,8.954,70.6,163.41
2025-11-20,153.28,621.0,112.93,28.39,1443.15,42.22,40.42,8.903,70.7,163.13
2025-11-21,152.93,610.0,113.24,28.93,1442.64,41.99,39.56,8.828,72.44,161.26
2025-11-24,160.73,624.5,113.49,29.06,1428.04,41.62,40.12,8.857,72.08,161.5
2025-11-25,157.01,625.0,114.0,29.14,1420.69,42.24,40.08,9.01,72.1,162.09
2025-11-26,157.6,619.5,115.8,29.42,1425.19,42.24,39.74,9.011,72.37,163.66
2025-11-28,157.3,611.5,116.08,29.83,1426.54,41.94,39.82,9.067,72.61,162.7
2025-12-01,164.26,619.5,118.27,29.89,1424.04,42.43,40.06,9.161,71.95,161.89
2025-12-02,161.13,617.0,118.9,30.05,1412.07,42.37,40.58,9.112,70.67,162.29
2025-12-03,158.08,611.0,117.2,29.87,1405.14,42.0,40.64,9.096,70.81,164.13
2025-12-04,157.44,612.0,116.82,29.74,1400.02,42.21,40.64,9.064,70.45,165.46
2025-12-05,158.32,610.0,117.62,29.9,1406.05,42.44,40.7,9.136,70.0,167.83
2025-12-08,158.13,605.0,117.62,29.92,1394.26,42.17,39.52,9.11,70.25,164.26
2025-12-09,155.96,602.5,117.14,29.7,1377.05,42.03,39.02,9.046,70.09,162.98
2025-12-10,158.82,603.0,115.28,29.61,1378.84,40.69,38.86,9.095,70.21,162.08
2025-12-11,156.9,601.5,111.97,29.54,1388.03,40.67,38.88,9.11,69.11,160.71
2025-12-12,155.68,616.0,111.96,29.44,1396.69,40.73,38.82,9.227,70.52,165.53
2025-12-15,150.09,603.0,110.4,28.85,1402.04,40.79,38.54,9.351,70.97,165.68
2025-12-16,149.29,596.5,109.02,28.85,1398.04,40.69,38.44,9.24,70.37,162.72
2025-12-17,147.09,605.0,105.0,28.6,1409.14,40.51,38.46,9.31,70.67,163.36
2025-12-18,147.32,605.0,105.79,28.8,1407.04,41.36,39.34,9.318,70.36,165.77
2025-12-19,149.79,614.0,109.51,28.82,1410.0,40.98,39.68,9.313,70.06,165.93
2025-12-22,150.96,614.5,111.91,29.09,1408.26,40.76,39.44,9.511,70.21,164.64
2025-12-23,151.23,602.0,112.06,29.08,1407.86,40.9,39.26,9.639,69.87,163.21
2025-12-24,150.06,603.0,113.44,29.17,1400.9,40.82,38.86,9.642,70.11,161.79
2025-12-26,152.24,,115.01,29.4,1414.13,40.69,,9.65,69.87,160.38
2025-12-29,148.49,596.5,114.15,29.27,1402.0,40.86,38.74,9.563,70.16,154.37
2025-12-30,147.36,600.0,113.83,28.71,1389.72,41.27,39.1,9.363,70.07,154.41
2025-12-31,146.58,599.0,113.39,28.7,1377.18,41.09,38.8,9.301,69.91,153.05
2026-01-02,155.74,623.0,115.75,29.53,,,39.66,,69.12,149.59
2026-01-05,156.26,624.5,119.12,29.65,1426.0,41.34,38.9,9.495,67.94,148.85
2026-01-06,150.9,632.5,122.66,29.6,1428.01,41.72,39.74,9.577,67.84,145.325
2026-01-07,146.75,624.5,120.97,29.03,1423.36,41.14,39.9,9.518,67.54,146.74
2026-01-08,154.47,616.0,121.6,29.67,1412.3,40.57,40.92,9.511,69.37,149.63
2026-01-09,150.96,611.0,120.55,29.45,1419.1,40.29,41.06,9.592,70.51,150.1
2026-01-12,166.31,623.0,118.73,30.73,1423.23,40.11,41.06,9.777,70.5,149.93
2026-01-13,167.01,627.5,112.32,29.88,1411.0,40.12,41.46,9.793,71.24,151.72
2026-01-14,169.9,633.0,107.85,29.83,1398.01,39.06,41.58,9.922,71.44,151.99
2026-01-15,170.93,622.0,107.46,29.41,1388.89,39.1,41.24,9.867,70.48,150.6
2026-01-16,165.4,617.5,106.76,28.9,1382.0,38.72,40.78,9.857,70.44,151.23
2026-01-20,162.39,601.0,104.46,28.38,1373.55,38.73,40.86,10.082,71.75,152.86
2026-01-21,168.67,602.5,105.92,29.07,1351.06,38.24,40.66,10.377,72.01,153.75
2026-01-22,177.18,597.5,106.02,30.0,1340.06,37.85,41.38,10.341,71.87,149.66
2026-01-23,173.23,595.0,106.38,29.84,1337.0,37.5,40.7,10.617,72.88,150.21
2026-01-26,171.37,599.5,106.86,29.78,1342.0,38.02,42.5,10.924,72.56,149.16
2026-01-27,172.72,607.0,106.91,29.5,1343.01,38.1,42.02,10.934,73.55,150.5
2026-01-28,175.66,621.0,102.81,29.23,1323.69,37.8,43.5,11.28,73.06,149.5
2026-01-29,174.25,622.0,102.7,29.07,1437.72,38.53,43.68,11.904,73.43,149.3
2026-01-30,169.56,606.0,101.05,28.48,1401.0,38.67,43.02,11.009,74.81,152.06
2026-02-02,168.39,598.5,103.45,28.53,1427.0,38.45,40.84,9.908,75.33,153.89
2026-02-03,163.65,581.0,103.32,28.04,1474.92,38.3,40.6,10.422,76.89,155.92
2026-02-04,159.14,558.0,102.13,27.55,1525.0,39.01,42.9,10.867,77.35,150.0
2026-02-05,157.76,558.5,101.52,27.32,1555.0,39.71,42.28,10.523,78.51,155.48
2026-02-06,162.51,547.5,105.23,28.07,1515.01,39.6,42.64,10.357,79.03,157.74
2026-02-09,163.0,560.0,105.57,28.01,1524.96,39.48,43.82,10.719,77.97,154.09
2026-02-10,166.51,551.0,105.43,28.35,1504.8,39.34,44.16,10.669,76.81,156.47
2026-02-11,164.32,548.0,104.57,28.27,1504.33,39.4,44.3,10.758,78.6,159.14
2026-02-12,158.73,535.5,100.22,27.52,1486.6,38.99,44.02,10.72,79.0,163.7
2026-02-13,155.73,532.0,100.28,27.14,1485.3,38.71,42.92,10.575,78.68,161.91
